Arya,Arya#123,arya@gmail.com
Midhun,Midhun@2000,midhun@gmail.com
Nithya_01,Nithya#2007,nithya@gmail.com
Samyu,Samyu@2006,samyu@gmail.com
Sanjana,Sugan@06,sanjana@gmail.com
Sanjay,S263&anjay,sanj@gmail.com
sharmi,Sharmi@2007,sharmi@gmail.com
